"","condition","affinity_pos1","affinity_pos2","affinity_pos3","affinity_pos4","motif_id","n_sites","barcode","reporter_activity","log_reporter_activity","barcode_activity"
"1","MCF7_WT_Nutlin",3,4,4,4,"3_4_4_4",1,"AGAGCGTACGAC",6.25637203595555,2.64532630523946,4.64152117047167
"2","MCF7_WT_Nutlin",3,4,4,4,"3_4_4_4",1,"ATAGTCGCACCG",6.25637203595555,2.64532630523946,4.40275684152309
"3","MCF7_WT_Nutlin",4,3,3,3,"4_3_3_3",3,"ATTGTGACTGTG",233.154967072818,7.86514535458009,259.024292946513
"4","MCF7_WT_Nutlin",3,4,3,4,"3_4_3_4",2,"CACTAGTGTGGA",253.606708620711,7.98644909915511,167.96134396586
"5","MCF7_WT_Nutlin",4,3,3,3,"4_3_3_3",3,"CAGCGCGGTATT",233.154967072818,7.86514535458009,225.199630622057
"6","MCF7_WT_Nutlin",4,3,3,3,"4_3_3_3",3,"CCTATTCCACGG",233.154967072818,7.86514535458009,191.7313128926
"7","MCF7_WT_Nutlin",4,3,3,3,"4_3_3_3",3,"CCTGGCTTCTTG",233.154967072818,7.86514535458009,226.89286767688
"8","MCF7_WT_Nutlin",3,4,3,4,"3_4_3_4",2,"CGTCCGTCCTTA",253.606708620711,7.98644909915511,222.444868618662
"9","MCF7_WT_Nutlin",3,4,3,3,"3_4_3_3",3,"CGTGTTGATACA",560.373941712184,9.130246059468,445.583717284253
"10","MCF7_WT_Nutlin",3,4,4,4,"3_4_4_4",1,"CTCAGAACGTTA",6.25637203595555,2.64532630523946,10.7541811175235
"11","MCF7_WT_Nutlin",3,3,4,3,"3_3_4_3",3,"GAACTCGAGCTG",673.388684408682,9.39529566816535,592.89587257898
"12","MCF7_WT_Nutlin",3,4,4,4,"3_4_4_4",1,"GCATAGCGACTG",6.25637203595555,2.64532630523946,7.00863982146724
"13","MCF7_WT_Nutlin",3,4,3,3,"3_4_3_3",3,"TAGTATCCGCTG",560.373941712184,9.130246059468,486.205781495733
"14","MCF7_WT_Nutlin",3,4,4,4,"3_4_4_4",1,"TATCCAGTGCGG",6.25637203595555,2.64532630523946,4.4747602224949
"15","MCF7_WT_Nutlin",4,3,3,3,"4_3_3_3",3,"TGTAACACTCCA",233.154967072818,7.86514535458009,262.926657825851
"16","MCF7_WT_Nutlin",3,4,3,3,"3_4_3_3",3,"TTAGCAAGCTGA",560.373941712184,9.130246059468,508.601832006588
"17","MCF7_WT_Nutlin",3,4,3,4,"3_4_3_4",2,"TTCAAGATCTGG",253.606708620711,7.98644909915511,254.710115727101
"18","MCF7_WT_Nutlin",3,3,4,4,"3_3_4_4",2,"AATACCAAGTGG",101.726439676077,6.66855088796801,95.2695334839272
"19","MCF7_WT_Nutlin",3,3,3,4,"3_3_3_4",3,"AATCACCACGAA",223.983550612117,7.80724897419277,245.252432088942
"20","MCF7_WT_Nutlin",4,4,3,3,"4_4_3_3",2,"ACGAAGCCTGCA",277.18555696564,8.11470827612106,217.200680273002
"21","MCF7_WT_Nutlin",3,3,3,3,"3_3_3_3",4,"ACGCAGAGCGAA",254.053634808248,7.98898929505312,336.15839096626
"22","MCF7_WT_Nutlin",4,3,4,3,"4_3_4_3",2,"ACGCTGCAGTTC",441.106053079473,8.78498174772882,446.013575512904
"24","MCF7_WT_Nutlin",4,3,4,3,"4_3_4_3",2,"AGCCGGATTGTA",441.106053079473,8.78498174772882,554.448503654208
"25","MCF7_WT_Nutlin",4,4,4,4,"4_4_4_4",0,"AGCCGTTGGTGA",75.2952617577344,6.23448717553888,75.2952617577344
"26","MCF7_WT_Nutlin",3,4,4,3,"3_4_4_3",2,"AGCGACAGGCAT",483.834847284017,8.91837087019912,498.781098729164
"28","MCF7_WT_Nutlin",4,4,4,3,"4_4_4_3",1,"ATTACGCCTCAA",112.310771488323,6.81135248997593,72.8410276913879
"30","MCF7_WT_Nutlin",3,3,3,4,"3_3_3_4",3,"CAAGCCACTTCC",223.983550612117,7.80724897419277,186.345797036651
"31","MCF7_WT_Nutlin",4,4,4,3,"4_4_4_3",1,"CAATCCTGCACA",112.310771488323,6.81135248997593,86.6437973818316
"32","MCF7_WT_Nutlin",3,3,3,4,"3_3_3_4",3,"CAATCTCGATCA",223.983550612117,7.80724897419277,187.414358394276
"33","MCF7_WT_Nutlin",3,3,4,4,"3_3_4_4",2,"CACCAGACTGTG",101.726439676077,6.66855088796801,98.4721308994887
"35","MCF7_WT_Nutlin",4,4,3,3,"4_4_3_3",2,"CACTCAGTAGCC",277.18555696564,8.11470827612106,229.583692677162
"36","MCF7_WT_Nutlin",3,3,4,3,"3_3_4_3",3,"CAGAACAGGCGT",673.388684408682,9.39529566816535,569.572861793671
"37","MCF7_WT_Nutlin",4,3,4,3,"4_3_4_3",2,"CAGCCTCGTCAA",441.106053079473,8.78498174772882,437.275971068958
"39","MCF7_WT_Nutlin",4,4,3,4,"4_4_3_4",1,"CATAAGCTCGAA",46.4187682424731,5.53663633506107,49.8851238091085
"40","MCF7_WT_Nutlin",3,3,3,3,"3_3_3_3",4,"CATTGCCGATTG",254.053634808248,7.98898929505312,183.263277157922
"41","MCF7_WT_Nutlin",3,3,3,3,"3_3_3_3",4,"CCACAGAAGTCG",254.053634808248,7.98898929505312,204.280064107902
"42","MCF7_WT_Nutlin",4,3,4,3,"4_3_4_3",2,"CCATTATCTCGA",441.106053079473,8.78498174772882,394.060667133037
"43","MCF7_WT_Nutlin",3,3,4,3,"3_3_4_3",3,"CCGGAGGAAGTT",673.388684408682,9.39529566816535,596.030243462394
"44","MCF7_WT_Nutlin",4,3,3,4,"4_3_3_4",2,"CCTAACTGACGC",174.764054601523,7.44926467220562,91.7560505707426
"46","MCF7_WT_Nutlin",4,4,3,4,"4_4_3_4",1,"CCTCCTAACCGA",46.4187682424731,5.53663633506107,24.0210515282631
"48","MCF7_WT_Nutlin",4,4,4,3,"4_4_4_3",1,"CGCACTGATTGG",112.310771488323,6.81135248997593,116.81446720223
"51","MCF7_WT_Nutlin",3,3,4,4,"3_3_4_4",2,"CTAACAGTCCTA",101.726439676077,6.66855088796801,105.538868633704
"52","MCF7_WT_Nutlin",3,3,4,3,"3_3_4_3",3,"CTAACGAGCGTG",673.388684408682,9.39529566816535,825.439677915847
"53","MCF7_WT_Nutlin",3,3,3,4,"3_3_3_4",3,"CTACTCTGTGGA",223.983550612117,7.80724897419277,258.335012387347
"54","MCF7_WT_Nutlin",4,4,3,4,"4_4_3_4",1,"CTAGCTGTCCAA",46.4187682424731,5.53663633506107,34.0891090383368
"57","MCF7_WT_Nutlin",4,3,3,4,"4_3_3_4",2,"GACAACGCAGGT",174.764054601523,7.44926467220562,151.806377533128
"58","MCF7_WT_Nutlin",3,4,3,3,"3_4_3_3",3,"GATAACTGTGTG",560.373941712184,9.130246059468,739.459196623223
"59","MCF7_WT_Nutlin",3,4,4,3,"3_4_4_3",2,"GATATCCGAGCA",483.834847284017,8.91837087019912,455.450340675024
"60","MCF7_WT_Nutlin",4,4,3,3,"4_4_3_3",2,"GATCGACTCCAA",277.18555696564,8.11470827612106,225.262149148858
"61","MCF7_WT_Nutlin",3,3,3,4,"3_3_3_4",3,"GATTCTGAGCTA",223.983550612117,7.80724897419277,242.570153153368
"62","MCF7_WT_Nutlin",4,4,4,3,"4_4_4_3",1,"GCATACTCTGAA",112.310771488323,6.81135248997593,117.05160129214
"64","MCF7_WT_Nutlin",4,4,3,3,"4_4_3_3",2,"GCCAGCGATCAT",277.18555696564,8.11470827612106,384.002104706246
"65","MCF7_WT_Nutlin",4,4,3,4,"4_4_3_4",1,"GCCTTGTTCCTA",46.4187682424731,5.53663633506107,72.3684013505636
"66","MCF7_WT_Nutlin",4,3,3,4,"4_3_3_4",2,"GCGGTATCCTCT",174.764054601523,7.44926467220562,236.312211578144
"67","MCF7_WT_Nutlin",4,4,4,3,"4_4_4_3",1,"GGAACCTAAGAA",112.310771488323,6.81135248997593,168.202990143449
"68","MCF7_WT_Nutlin",3,4,4,3,"3_4_4_3",2,"GGACTGCACCAA",483.834847284017,8.91837087019912,497.794550513081
"69","MCF7_WT_Nutlin",4,3,3,4,"4_3_3_4",2,"GGCCGGACTTAA",174.764054601523,7.44926467220562,171.646675197224
"70","MCF7_WT_Nutlin",3,4,3,3,"3_4_3_3",3,"GGTAGCTTACGG",560.373941712184,9.130246059468,742.384559673229
"71","MCF7_WT_Nutlin",3,4,4,3,"3_4_4_3",2,"GTAATATTCCGG",483.834847284017,8.91837087019912,515.912178163436
"72","MCF7_WT_Nutlin",3,4,3,4,"3_4_3_4",2,"GTAGAACCGCTC",253.606708620711,7.98644909915511,368.88352584005
"73","MCF7_WT_Nutlin",3,4,4,3,"3_4_4_3",2,"GTCATCTAGGAA",483.834847284017,8.91837087019912,451.23646238074
"75","MCF7_WT_Nutlin",3,3,4,4,"3_3_4_4",2,"TAGTCTGGACTA",101.726439676077,6.66855088796801,98.8720172054219
"77","MCF7_WT_Nutlin",3,3,3,3,"3_3_3_3",4,"TCAATCGGCTGA",254.053634808248,7.98898929505312,231.960129844509
"78","MCF7_WT_Nutlin",3,4,3,4,"3_4_3_4",2,"TCACGTAGGAGA",253.606708620711,7.98644909915511,311.885824151951
"79","MCF7_WT_Nutlin",4,3,4,3,"4_3_4_3",2,"TCACTCCTCTGG",441.106053079473,8.78498174772882,373.731810722496
"80","MCF7_WT_Nutlin",3,3,3,3,"3_3_3_3",4,"TCAGCTTCCTAA",254.053634808248,7.98898929505312,314.606298829934
"81","MCF7_WT_Nutlin",4,3,3,4,"4_3_3_4",2,"TGACGGTGCCTT",174.764054601523,7.44926467220562,222.298892454817
"82","MCF7_WT_Nutlin",4,4,3,4,"4_4_3_4",1,"TGCAGTAGGTAA",46.4187682424731,5.53663633506107,51.7301042607167
"86","MCF7_WT_Nutlin",3,3,4,4,"3_3_4_4",2,"TTCACCACAGTG",101.726439676077,6.66855088796801,110.479674427267
"87","MCF7_WT_Nutlin",3,3,4,3,"3_3_4_3",3,"TTCTCTCAGCGA",673.388684408682,9.39529566816535,823.251303554489
"88","MCF7_WT_Nutlin",4,4,3,3,"4_4_3_3",2,"TTGCCAGTGTCC",277.18555696564,8.11470827612106,329.87907921466
